Bainer,Chilled Water
Bainer,Electricity
Bainer,Steam
Meyer,Chilled Water
Meyer,Electricity
Meyer,Steam
WHNRC,Chilled Water
WHNRC,Electricity
WHNRC,Steam
Ghausi,Chilled Water
Ghausi,Electricity
Ghausi,Steam
Briggs,Chilled Water
Briggs,Electricity
Briggs,Steam
SciLAB,Chilled Water
SciLAB,Electricity
SciLAB,Steam
EPS,Chilled Water
EPS,Electricity
EPS,Steam
Primate,Chilled Water
Primate,Electricity
Primate,Steam
Wickson,Chilled Water
Wickson,Electricity
Wickson,Steam
VM3B,Chilled Water
VM3B,Electricity
VM3B,Steam
Physics,Chilled Water
Physics,Electricity
Physics,Steam
Hutchison,Chilled Water
Hutchison,Electricity
Hutchison,Steam
Young,Chilled Water
Young,Electricity
Young,Steam
Giedt,Chilled Water
Giedt,Electricity
Giedt,Steam
TAPS,Chilled Water
TAPS,Electricity
TAPS,Steam
Maths,Chilled Water
Maths,Electricity
Maths,Steam
MRAK,Chilled Water
MRAK,Electricity
MRAK,Steam
SCC,Chilled Water
SCC,Electricity
SCC,Steam
ARC,Chilled Water
ARC,Electricity
ARC,Steam
MU,Chilled Water
MU,Electricity
MU,Steam